BASE;OLT;RESPONSABLE DE BASE;OneField.Zone;OneField.Cluster;OneField.OLT (AMS);OneField.Observations
BASE LEGBASSITO 1;KOVE1-FX8;HOUNAKEY;ZOSSIME;ZOSSIME 12;KOVE1-FX8;
BASE LEGBASSITO 1;KOVE1-FX8;HOUNAKEY;ZOSSIME;ZOSSIME 13;KOVE1-FX8;
BASE LEGBASSITO 1;KOVE1-FX8;HOUNAKEY;ZOSSIME;ZOSSIME 14;KOVE1-FX8;
BASE LEGBASSITO 1;KOVE1-FX8;HOUNAKEY;ZOSSIME;ZOSSIME 15;KOVE1-FX8;
BASE LEGBASSITO 1;KOVE1-FX8;HOUNAKEY;ZOSSIME;ZOSSIME 16;KOVE1-FX8;
BASE LEGBASSITO 1;KOVE1-FX8;HOUNAKEY;ZOSSIME;ZOSSIME 17;KOVE1-FX8;
BASE LEGBASSITO 1;KOVE1-FX8;HOUNAKEY;ZOSSIME;ZOSSIME 18;KOVE1-FX8;
BASE LEGBASSITO 1;KOVE1-FX8;HOUNAKEY;ZOSSIME;ZOSSIME 19;KOVE1-FX8;
BASE LEGBASSITO 1;KOVE1-FX8;HOUNAKEY;ZOSSIME;ZOSSIME 20;KOVE1-FX8;
BASE LEGBASSITO 1;KOVE1-FX8;HOUNAKEY;ZOSSIME;ZOSSIME 21;KOVE1-FX8;
BASE LEGBASSITO 1;KOVE1-FX8;HOUNAKEY;ZOSSIME;ZOSSIME 22;KOVE1-FX8;
BASE LEGBASSITO 1;KOVE1-FX8;HOUNAKEY;ZOSSIME;ZOSSIME 23;KOVE1-FX8;
BASE LEGBASSITO 1;ZOSSIME-FX8;HOUNAKEY;ZOSSIME;ZOSSIME 1;ZOSSIME-FX8;
BASE LEGBASSITO 1;ZOSSIME-FX8;HOUNAKEY;ZOSSIME;ZOSSIME 10;ZOSSIME-FX8;
BASE LEGBASSITO 1;ZOSSIME-FX8;HOUNAKEY;ZOSSIME;ZOSSIME 11;ZOSSIME-FX8;
BASE LEGBASSITO 1;ZOSSIME-FX8;HOUNAKEY;ZOSSIME;ZOSSIME 2;ZOSSIME-FX8;
BASE LEGBASSITO 1;ZOSSIME-FX8;HOUNAKEY;ZOSSIME;ZOSSIME 3;ZOSSIME-FX8;
BASE LEGBASSITO 1;ZOSSIME-FX8;HOUNAKEY;ZOSSIME;ZOSSIME 4;ZOSSIME-FX8;
BASE LEGBASSITO 1;ZOSSIME-FX8;HOUNAKEY;ZOSSIME;ZOSSIME 5;ZOSSIME-FX8;
BASE LEGBASSITO 1;ZOSSIME-FX8;HOUNAKEY;ZOSSIME;ZOSSIME 6;ZOSSIME-FX8;
BASE LEGBASSITO 1;ZOSSIME-FX8;HOUNAKEY;ZOSSIME;ZOSSIME 7;ZOSSIME-FX8;
BASE LEGBASSITO 1;ZOSSIME-FX8;HOUNAKEY;ZOSSIME;ZOSSIME 8;ZOSSIME-FX8;
BASE LEGBASSITO 1;ZOSSIME-FX8;HOUNAKEY;ZOSSIME;ZOSSIME 9;ZOSSIME-FX8;
BASE LEGBASSITO 1;ZONGO;HOUNAKEY;ZONGO2;ZONGO2 7;ZONGO;
BASE LEGBASSITO 1;ZONGO-FX4;HOUNAKEY;ZONGO2;ZONGO2 1;ZONGO-FX4;
BASE LEGBASSITO 1;ZONGO-FX4;HOUNAKEY;ZONGO2;ZONGO2 2;ZONGO-FX4;
BASE LEGBASSITO 1;ZONGO-FX4;HOUNAKEY;ZONGO2;ZONGO2 3;ZONGO-FX4;
BASE LEGBASSITO 1;ZONGO-FX4;HOUNAKEY;ZONGO2;ZONGO2 4;ZONGO-FX4;
BASE LEGBASSITO 1;ZONGO-FX4;HOUNAKEY;ZONGO2;ZONGO2 5;ZONGO-FX4;
BASE LEGBASSITO 1;ZONGO-FX4;HOUNAKEY;ZONGO2;ZONGO2 6;ZONGO-FX4;
;;;ZONE FH;ONE-FIELD-FH;;Voir FH
BASE LEGBASSITO 1;ZANG_PEAGE-FX4;HOUNAKEY;ZANGUERAPEAGE;ZANGUERAPEAGE 1;ZANG_PEAGE-FX4;
BASE LEGBASSITO 1;ZANG_PEAGE-FX4;HOUNAKEY;ZANGUERAPEAGE;ZANGUERAPEAGE 2;ZANG_PEAGE-FX4;
BASE LEGBASSITO 1;ZANG_PEAGE-FX4;HOUNAKEY;ZANGUERAPEAGE;ZANGUERAPEAGE 3;ZANG_PEAGE-FX4;
BASE LEGBASSITO 1;ZANG_PEAGE-FX4;HOUNAKEY;ZANGUERAPEAGE;ZANGUERAPEAGE 4;ZANG_PEAGE-FX4;
BASE LEGBASSITO 1;ZANG_PEAGE-FX4;HOUNAKEY;ZANGUERAPEAGE;ZANGUERAPEAGE 5;ZANG_PEAGE-FX4;
BASE LEGBASSITO 1;ZANG_PEAGE-FX4;HOUNAKEY;ZANGUERAPEAGE;ZANGUERAPEAGE 6;ZANG_PEAGE-FX4;
ADIDOGOME;KLEME-FX8;DOSSAVI;ZANGUERA2;ZANGUERA2 12;KLEME-FX8;
ADIDOGOME;KLEME-FX8;DOSSAVI;ZANGUERA2;ZANGUERA2 13;KLEME-FX8;
ADIDOGOME;KLEME-FX8;DOSSAVI;ZANGUERA2;ZANGUERA2 14;KLEME-FX8;
ADIDOGOME;KLEME-FX8;DOSSAVI;ZANGUERA2;ZANGUERA2 15;KLEME-FX8;
ADIDOGOME;KLEME-FX8;DOSSAVI;ZANGUERA2;ZANGUERA2 16;KLEME-FX8;
ADIDOGOME;KLEME-FX8;DOSSAVI;ZANGUERA2;ZANGUERA2 17;KLEME-FX8;
ADIDOGOME;KLEME-FX8;DOSSAVI;ZANGUERA2;ZANGUERA2 18;KLEME-FX8;
ADIDOGOME;ZANGUERA2-FX8;DOSSAVI;ZANGUERA2;ZANGUERA2 1;ZANGUERA2-FX8;
ADIDOGOME;ZANGUERA2-FX8;DOSSAVI;ZANGUERA2;ZANGUERA2 10;ZANGUERA2-FX8;
ADIDOGOME;ZANGUERA2-FX8;DOSSAVI;ZANGUERA2;ZANGUERA2 11;ZANGUERA2-FX8;
ADIDOGOME;ZANGUERA2-FX8;DOSSAVI;ZANGUERA2;ZANGUERA2 2;ZANGUERA2-FX8;
ADIDOGOME;ZANGUERA2-FX8;DOSSAVI;ZANGUERA2;ZANGUERA2 3;ZANGUERA2-FX8;
ADIDOGOME;ZANGUERA2-FX8;DOSSAVI;ZANGUERA2;ZANGUERA2 4;ZANGUERA2-FX8;
ADIDOGOME;ZANGUERA2-FX8;DOSSAVI;ZANGUERA2;ZANGUERA2 5;ZANGUERA2-FX8;
ADIDOGOME;ZANGUERA2-FX8;DOSSAVI;ZANGUERA2;ZANGUERA2 6;ZANGUERA2-FX8;
ADIDOGOME;ZANGUERA2-FX8;DOSSAVI;ZANGUERA2;ZANGUERA2 7;ZANGUERA2-FX8;
ADIDOGOME;ZANGUERA2-FX8;DOSSAVI;ZANGUERA2;ZANGUERA2 8;ZANGUERA2-FX8;
ADIDOGOME;ZANGUERA2-FX8;DOSSAVI;ZANGUERA2;ZANGUERA2 9;ZANGUERA2-FX8;
;;;ZANGUERA2;ONE-FIELD;;Voir One Field
ADIDOGOME;YOKOE-FX8;DOSSAVI;YOKOE;YOKOE 1;YOKOE-FX8;
ADIDOGOME;YOKOE-FX8;DOSSAVI;YOKOE;YOKOE 2;YOKOE-FX8;
ADIDOGOME;YOKOE-FX8;DOSSAVI;YOKOE;YOKOE 3;YOKOE-FX8;
ADIDOGOME;YOKOE-FX8;DOSSAVI;YOKOE;YOKOE 4;YOKOE-FX8;
ADIDOGOME;YOKOE-FX8;DOSSAVI;YOKOE;YOKOE 5;YOKOE-FX8;
ADIDOGOME;YOKOE-FX8;DOSSAVI;YOKOE;YOKOE 6;YOKOE-FX8;
ADIDOGOME;YOKOE-FX8;DOSSAVI;YOKOE;YOKOE 7;YOKOE-FX8;
;;;VOGAN;VOGAN 1;VOGAN-FX4;
;;;VOGAN;VOGAN 2;VOGAN-FX4;
;;;VOGAN;VOGAN 3;VOGAN-FX4;
;;;VOGAN;VOGAN 4;VOGAN-FX4;
BASE RP;DGTG;ABAKTA;UTB;UTB 0;DGTG;Une partie sur DGTG_2 (A basculer sur DGTG-FX16)
BASE RP;DGTG-FX16;ABAKTA;UTB;UTB 10;DGTG-FX16;
BASE RP;DGTG-FX16;ABAKTA;UTB;UTB 11;DGTG-FX16;
BASE RP;DGTG-FX16;ABAKTA;UTB;UTB 12;DGTG-FX16;
BASE RP;DGTG-FX16;ABAKTA;UTB;UTB 13;DGTG-FX16;
BASE RP;DGTG-FX16;ABAKTA;UTB;UTB 14;DGTG-FX16;
BASE RP;DGTG-FX16;ABAKTA;UTB;UTB 15;DGTG-FX16;
BASE RP;DGTG-FX16;ABAKTA;UTB;UTB 16;DGTG-FX16;
BASE RP;DGTG-FX16;ABAKTA;UTB;UTB 17;DGTG-FX16;
BASE RP;DGTG-FX16;ABAKTA;UTB;UTB 18;DGTG-FX16;
BASE RP;DGTG-FX16;ABAKTA;UTB;UTB 19;DGTG-FX16;
BASE RP;DGTG-FX16;ABAKTA;UTB;UTB 20;DGTG-FX16;
BASE RP;DGTG-FX16;ABAKTA;UTB;UTB 21;DGTG-FX16;
BASE RP;DGTG-FX16;ABAKTA;UTB;UTB 22;DGTG-FX16;
BASE RP;DGTG-FX16;ABAKTA;UTB;UTB 23;DGTG-FX16;
BASE RP;DGTG-FX16;ABAKTA;UTB;UTB 24;DGTG-FX16;
BASE RP;DGTG-FX16;ABAKTA;UTB;UTB 8;DGTG-FX16;
BASE RP;DGTG-FX16;ABAKTA;UTB;UTB 9;DGTG-FX16;
BASE RP;KODJOVIAKOPE-FX8;ABAKTA;UTB;UTB 1;KODJOVIAKOPE-FX8;
BASE RP;KODJOVIAKOPE-FX8;ABAKTA;UTB;UTB 2;KODJOVIAKOPE-FX8;
BASE RP;KODJOVIAKOPE-FX8;ABAKTA;UTB;UTB 3;KODJOVIAKOPE-FX8;
BASE RP;KODJOVIAKOPE-FX8;ABAKTA;UTB;UTB 4;KODJOVIAKOPE-FX8;
BASE RP;KODJOVIAKOPE-FX8;ABAKTA;UTB;UTB 5;KODJOVIAKOPE-FX8;
BASE RP;KODJOVIAKOPE-FX8;ABAKTA;UTB;UTB 6;KODJOVIAKOPE-FX8;
BASE RP;KODJOVIAKOPE-FX8;ABAKTA;UTB;UTB 7;KODJOVIAKOPE-FX8;
;;;TSEVIE;TSEVIE 1;TSEVIE_WUGBA-FX4;Extension du cluster 1B aussi
;;;TSEVIE;TSEVIE 2;TSEVIE_WUGBA-FX4;
;;;TSEVIE;TSEVIE 3;TSEVIE_WUGBA-FX4;
;;;TSEVIE;TSEVIE 4;TSEVIE_WUGBA-FX4;
;;;TSEVIE;TSEVIE 8;TSEVIE_WUGBA-FX4;
;;;TSEVIE;TSEVIE 5;TSEVIE1-FX4;A basculer sur TSEVIE1-FX8
;;;TSEVIE;TSEVIE 6;TSEVIE1-FX4;A basculer sur TSEVIE1-FX8
;;;TSEVIE;TSEVIE 7;TSEVIE1-FX4;A basculer sur TSEVIE1-FX8
;;;TSEVIE;TSEVIE 10;TSEVIE1-FX8;
;;;TSEVIE;TSEVIE 9;TSEVIE1-FX8;
BASE CACAVELLI ;TOTSI2-FX8;ATSOU;TOTSI2;TOTSI2 1;TOTSI2-FX8;
BASE CACAVELLI ;TOTSI2-FX8;ATSOU;TOTSI2;TOTSI2 10;TOTSI2-FX8;
BASE CACAVELLI ;TOTSI2-FX8;ATSOU;TOTSI2;TOTSI2 11;TOTSI2-FX8;
BASE CACAVELLI ;TOTSI2-FX8;ATSOU;TOTSI2;TOTSI2 2;TOTSI2-FX8;
BASE CACAVELLI ;TOTSI2-FX8;ATSOU;TOTSI2;TOTSI2 3;TOTSI2-FX8;
BASE CACAVELLI ;TOTSI2-FX8;ATSOU;TOTSI2;TOTSI2 4;TOTSI2-FX8;
BASE CACAVELLI ;TOTSI2-FX8;ATSOU;TOTSI2;TOTSI2 5;TOTSI2-FX8;
BASE CACAVELLI ;TOTSI2-FX8;ATSOU;TOTSI2;TOTSI2 6;TOTSI2-FX8;
BASE CACAVELLI ;TOTSI2-FX8;ATSOU;TOTSI2;TOTSI2 7;TOTSI2-FX8;
BASE CACAVELLI ;TOTSI2-FX8;ATSOU;TOTSI2;TOTSI2 8;TOTSI2-FX8;
BASE CACAVELLI ;TOTSI2-FX8;ATSOU;TOTSI2;TOTSI2 9;TOTSI2-FX8;
BASE CACAVELLI ;TOTSI1-FX16;ATSOU;TOTSI1;TOTSI1 1;TOTSI1-FX16;
BASE CACAVELLI ;TOTSI1-FX16;ATSOU;TOTSI1;TOTSI1 10;TOTSI1-FX16;
BASE CACAVELLI ;TOTSI1-FX16;ATSOU;TOTSI1;TOTSI1 11;TOTSI1-FX16;
BASE CACAVELLI ;TOTSI1-FX16;ATSOU;TOTSI1;TOTSI1 12;TOTSI1-FX16;
BASE CACAVELLI ;TOTSI1-FX16;ATSOU;TOTSI1;TOTSI1 13;TOTSI1-FX16;
BASE CACAVELLI ;TOTSI1-FX16;ATSOU;TOTSI1;TOTSI1 14;TOTSI1-FX16;
BASE CACAVELLI ;TOTSI1-FX16;ATSOU;TOTSI1;TOTSI1 15;TOTSI1-FX16;
BASE CACAVELLI ;TOTSI1-FX16;ATSOU;TOTSI1;TOTSI1 16;TOTSI1-FX16;
BASE CACAVELLI ;TOTSI1-FX16;ATSOU;TOTSI1;TOTSI1 17;TOTSI1-FX16;
BASE CACAVELLI ;TOTSI1-FX16;ATSOU;TOTSI1;TOTSI1 2;TOTSI1-FX16;
BASE CACAVELLI ;TOTSI1-FX16;ATSOU;TOTSI1;TOTSI1 3;TOTSI1-FX16;
BASE CACAVELLI ;TOTSI1-FX16;ATSOU;TOTSI1;TOTSI1 4;TOTSI1-FX16;
BASE CACAVELLI ;TOTSI1-FX16;ATSOU;TOTSI1;TOTSI1 5;TOTSI1-FX16;
BASE CACAVELLI ;TOTSI1-FX16;ATSOU;TOTSI1;TOTSI1 6;TOTSI1-FX16;
BASE CACAVELLI ;TOTSI1-FX16;ATSOU;TOTSI1;TOTSI1 7;TOTSI1-FX16;
BASE CACAVELLI ;TOTSI1-FX16;ATSOU;TOTSI1;TOTSI1 8;TOTSI1-FX16;
BASE CACAVELLI ;TOTSI1-FX16;ATSOU;TOTSI1;TOTSI1 9;TOTSI1-FX16;
BASE CACAVELLI ;TELESSOU-FX8;ATSOU;TELESSOU;TELESSOU 1;TELESSOU-FX8;
BASE CACAVELLI ;TELESSOU-FX8;ATSOU;TELESSOU;TELESSOU 2;TELESSOU-FX8;
BASE CACAVELLI ;TELESSOU-FX8;ATSOU;TELESSOU;TELESSOU 3;TELESSOU-FX8;
BASE CACAVELLI ;TELESSOU-FX8;ATSOU;TELESSOU;TELESSOU 4;TELESSOU-FX8;
BASE CACAVELLI ;TELESSOU-FX8;ATSOU;TELESSOU;TELESSOU 5;TELESSOU-FX8;
BASE CACAVELLI ;TELESSOU-FX8;ATSOU;TELESSOU;TELESSOU 6;TELESSOU-FX8;
BASE CACAVELLI ;TELESSOU-FX8;ATSOU;TELESSOU;TELESSOU 7;TELESSOU-FX8;
;;;TCHAMBA;TCHAMBA 1;TCHAMBA-FX4;
;;;TCHAMBA;TCHAMBA 2;TCHAMBA-FX4;
;;;TCHAMBA;TCHAMBA 3;TCHAMBA-FX4;
;;;TCHAMBA;ONE-FIELD;;Voir One Field
;;;TABLIGBO;TABLIGBO 1;TABLIGBO1-FX4;
;;;TABLIGBO;TABLIGBO 2;TABLIGBO1-FX4;
;;;TABLIGBO;TABLIGBO 3;TABLIGBO1-FX4;
BASE CACAVELLI ;SOVIEPE-FX8;ATSOU;SOVIEPE;SOVIEPE 1;SOVIEPE-FX8;
BASE CACAVELLI ;SOVIEPE-FX8;ATSOU;SOVIEPE;SOVIEPE 2;SOVIEPE-FX8;
BASE CACAVELLI ;SOVIEPE-FX8;ATSOU;SOVIEPE;SOVIEPE 3;SOVIEPE-FX8;
BASE CACAVELLI ;SOVIEPE-FX8;ATSOU;SOVIEPE;SOVIEPE 4;SOVIEPE-FX8;
BASE CACAVELLI ;SOVIEPE-FX8;ATSOU;SOVIEPE;SOVIEPE 5;SOVIEPE-FX8;
BASE CACAVELLI ;SOVIEPE-FX8;ATSOU;SOVIEPE;SOVIEPE 6;SOVIEPE-FX8;
BASE CACAVELLI ;SOVIEPE-FX8;ATSOU;SOVIEPE;SOVIEPE 7;SOVIEPE-FX8;
BASE CACAVELLI ;SOVIEPE-FX8;ATSOU;SOVIEPE;SOVIEPE 8;SOVIEPE-FX8;
BASE CACAVELLI ;SOVIEPE-FX8;ATSOU;SOVIEPE;SOVIEPE 9;SOVIEPE-FX8;
;;;SOTOUBOUA;SOTOUBOUA 1;SOTOUBOUA-FX4;
;;;SOTOUBOUA;SOTOUBOUA 2;SOTOUBOUA-FX4;
;;;SOKODE;SOKODE 10;SOKODE_KOMA-FX4;
;;;SOKODE;SOKODE 11;SOKODE_KOMA-FX4;
;;;SOKODE;SOKODE 4;SOKODE_KOMA-FX4;
;;;SOKODE;SOKODE 9;SOKODE_KOMA-FX4;
;;;SOKODE;SOKODE 18;SOKODE_KOMA-FX4_2;
;;;SOKODE;SOKODE 19;SOKODE_KOMA-FX4_2;
;;;SOKODE;SOKODE 16;SOKODE_POSTE-FX4;
;;;SOKODE;SOKODE 17;SOKODE_POSTE-FX4;
;;;SOKODE;SOKODE 20;SOKODE_POSTE-FX4;
;;;SOKODE;SOKODE 01;SOKODE_POSTE-FX8;
;;;SOKODE;SOKODE 12;SOKODE_POSTE-FX8;
;;;SOKODE;SOKODE 13;SOKODE_POSTE-FX8;
;;;SOKODE;SOKODE 14;SOKODE_POSTE-FX8;
;;;SOKODE;SOKODE 15;SOKODE_POSTE-FX8;
;;;SOKODE;SOKODE 2;SOKODE_POSTE-FX8;
;;;SOKODE;SOKODE 3;SOKODE_POSTE-FX8;
;;;SOKODE;SOKODE 5;SOKODE_POSTE-FX8;
;;;SOKODE;SOKODE 6;SOKODE_POSTE-FX8;
;;;SOKODE;SOKODE 7;SOKODE_POSTE-FX8;
;;;SOKODE;SOKODE 8;SOKODE_POSTE-FX8;
BASE RP;HOUNTIGOME;ABAKTA;SITO AEROPORT;SITO AEROPORT 0;HOUNTIGOME;Une partie sur OLT HOUNTIGOME-7330
ADIDOGOME;SEGBE-FX4;DOSSAVI;SEGBE;SEGBE 1;SEGBE-FX4;
ADIDOGOME;SEGBE-FX4;DOSSAVI;SEGBE;SEGBE 2;SEGBE-FX4;
ADIDOGOME;SEGBE-FX4;DOSSAVI;SEGBE;SEGBE 3;SEGBE-FX4;
ADIDOGOME;SEGBE-FX4;DOSSAVI;SEGBE;SEGBE 4;SEGBE-FX4;
ADIDOGOME;SEGBE-FX4;DOSSAVI;SEGBE;SEGBE 5;SEGBE-FX4;
ADIDOGOME;SEGBE-FX4;DOSSAVI;SEGBE;SEGBE 6;SEGBE-FX4;
ADIDOGOME;;DOSSAVI;SEGBE;ONE-FIELD;;Voir One Field
BASE RP;HOUNTIGOME-7330;ABAKTA;SAINTJO;SAINTJO 4;HOUNTIGOME-7330;
BASE RP;HOUNTIGOME-7330;ABAKTA;SAINTJO;SAINTJO 5;HOUNTIGOME-7330;
BASE RP;HOUNTIGOME-7330;ABAKTA;SAINTJO;SAINTJO 6;HOUNTIGOME-7330;
BASE RP;NUKAFU-FX4;ABAKTA;SAINTJO;SAINTJO 1;NUKAFU-FX4;Une partie sur OLT NUKAFU   basculer
BASE RP;NUKAFU-FX4;ABAKTA;SAINTJO;SAINTJO 2;NUKAFU-FX4;Une partie sur OLT NUKAFU   basculer
BASE RP;NUKAFU-FX4;ABAKTA;SAINTJO;SAINTJO 3;NUKAFU-FX4;
ADIDOGOME;SAGBADO1-FX8;DOSSAVI;SAGBADO;SAGBADO 1;SAGBADO1-FX8;
ADIDOGOME;SAGBADO1-FX8;DOSSAVI;SAGBADO;SAGBADO 10;SAGBADO1-FX8;
ADIDOGOME;SAGBADO1-FX8;DOSSAVI;SAGBADO;SAGBADO 11;SAGBADO1-FX8;
ADIDOGOME;SAGBADO1-FX8;DOSSAVI;SAGBADO;SAGBADO 12;SAGBADO1-FX8;
ADIDOGOME;SAGBADO1-FX8;DOSSAVI;SAGBADO;SAGBADO 2;SAGBADO1-FX8;
ADIDOGOME;SAGBADO1-FX8;DOSSAVI;SAGBADO;SAGBADO 3;SAGBADO1-FX8;
ADIDOGOME;SAGBADO1-FX8;DOSSAVI;SAGBADO;SAGBADO 4;SAGBADO1-FX8;
ADIDOGOME;SAGBADO1-FX8;DOSSAVI;SAGBADO;SAGBADO 5;SAGBADO1-FX8;
ADIDOGOME;SAGBADO1-FX8;DOSSAVI;SAGBADO;SAGBADO 6;SAGBADO1-FX8;
ADIDOGOME;SAGBADO1-FX8;DOSSAVI;SAGBADO;SAGBADO 7;SAGBADO1-FX8;
ADIDOGOME;SAGBADO1-FX8;DOSSAVI;SAGBADO;SAGBADO 8;SAGBADO1-FX8;
ADIDOGOME;SAGBADO1-FX8;DOSSAVI;SAGBADO;SAGBADO 9;SAGBADO1-FX8;
BASE RP;HEDZRANAWE1;ABAKTA;RESIDENCE DU BENIN;RESIDENCE DU BENIN 0;HEDZRANAWE1;
;;;PYA;PYA 1;PYA-FX4;
;;;PYA;PYA 2;PYA-FX4;
BASE PORT;PORT;AMAH;PORT;PORT 0;PORT;
BASE PORT;PORT-FX8;AMAH;PORT;PORT 10;PORT-FX8;
BASE PORT;PORT-FX8;AMAH;PORT;PORT 3;PORT-FX8;
BASE PORT;PORT-FX8;AMAH;PORT;PORT 4;PORT-FX8;
BASE PORT;PORT-FX8;AMAH;PORT;PORT 5;PORT-FX8;
BASE PORT;PORT-FX8;AMAH;PORT;PORT 6;PORT-FX8;
BASE PORT;PORT-FX8;AMAH;PORT;PORT 7;PORT-FX8;
BASE PORT;PORT-FX8;AMAH;PORT;PORT 8;PORT-FX8;
BASE PORT;PORT-FX8;AMAH;PORT;PORT 9;PORT-FX8;
;;;PORT;ONE-FIELD;;Voir One Field
BASE PORT;DJIFAKPOTA-FX8;AMAH;OTI;OTI 1;DJIFAKPOTA-FX8;
BASE PORT;DJIFAKPOTA-FX8;AMAH;OTI;OTI 2;DJIFAKPOTA-FX8;
BASE PORT;DJIFAKPOTA-FX8;AMAH;OTI;OTI 3;DJIFAKPOTA-FX8;
BASE PORT;DJIFAKPOTA-FX8;AMAH;OTI;OTI 4;DJIFAKPOTA-FX8;
BASE PORT;DJIFAKPOTA-FX8;AMAH;OTI;OTI 5;DJIFAKPOTA-FX8;
BASE PORT;DJIFAKPOTA-FX8;AMAH;OTI;OTI 6;DJIFAKPOTA-FX8;
BASE PORT;DJIFAKPOTA-FX8;AMAH;OTI;OTI 7;DJIFAKPOTA-FX8;
;;;NOTSE;NOTSE 1;NOTSE_GAPEDJI-FX8;
;;;NOTSE;NOTSE 2;NOTSE_GAPEDJI-FX8;
;;;NOTSE;NOTSE 3;NOTSE_GAPEDJI-FX8;
;;;NOTSE;NOTSE 4;NOTSE_GAPEDJI-FX8;
;;;NOTSE;NOTSE 5;NOTSE_GAPEDJI-FX8;
;;;NOTSE;NOTSE 6;NOTSE_GAPEDJI-FX8;
;;;NIAMTOUGOU;NIAMTOUGOU 1;NIAMTOUGOU-FX4;
;;;NIAMTOUGOU;NIAMTOUGOU 2;NIAMTOUGOU-FX4;
BASE CACAVELLI ;MINAMADOU1-FX16;ATSOU;MINA;MINA 1;MINAMADOU1-FX16;
BASE CACAVELLI ;MINAMADOU1-FX16;ATSOU;MINA;MINA 10;MINAMADOU1-FX16;
BASE CACAVELLI ;MINAMADOU1-FX16;ATSOU;MINA;MINA 11;MINAMADOU1-FX16;
BASE CACAVELLI ;MINAMADOU1-FX16;ATSOU;MINA;MINA 12;MINAMADOU1-FX16;
BASE CACAVELLI ;MINAMADOU1-FX16;ATSOU;MINA;MINA 13;MINAMADOU1-FX16;
BASE CACAVELLI ;MINAMADOU1-FX16;ATSOU;MINA;MINA 14;MINAMADOU1-FX16;
BASE CACAVELLI ;MINAMADOU1-FX16;ATSOU;MINA;MINA 15;MINAMADOU1-FX16;
BASE CACAVELLI ;MINAMADOU1-FX16;ATSOU;MINA;MINA 16;MINAMADOU1-FX16;
BASE CACAVELLI ;MINAMADOU1-FX16;ATSOU;MINA;MINA 2;MINAMADOU1-FX16;
BASE CACAVELLI ;MINAMADOU1-FX16;ATSOU;MINA;MINA 3;MINAMADOU1-FX16;
BASE CACAVELLI ;MINAMADOU1-FX16;ATSOU;MINA;MINA 4;MINAMADOU1-FX16;
BASE CACAVELLI ;MINAMADOU1-FX16;ATSOU;MINA;MINA 5;MINAMADOU1-FX16;
BASE CACAVELLI ;MINAMADOU1-FX16;ATSOU;MINA;MINA 6;MINAMADOU1-FX16;
BASE CACAVELLI ;MINAMADOU1-FX16;ATSOU;MINA;MINA 7;MINAMADOU1-FX16;
BASE CACAVELLI ;MINAMADOU1-FX16;ATSOU;MINA;MINA 8;MINAMADOU1-FX16;
BASE CACAVELLI ;MINAMADOU1-FX16;ATSOU;MINA;MINA 9;MINAMADOU1-FX16;
BASE CACAVELLI ;MINAMADOU-FX8;ATSOU;MINA;MINA 0;MINAMADOU-FX8;
;;;MANGO;MANGO 1;MANGO-FX4;
;;;MANGO;MANGO 2;MANGO-FX4;
;;;MANGO;MANGO 3;MANGO-FX4;
;;;MANGO;MANGO 4;MANGO-FX4;
BASE LEGBASSITO 1;APESSITO-FX8;HOUNAKEY;MADJI;MADJI 10;APESSITO-FX8;
BASE LEGBASSITO 1;APESSITO-FX8;HOUNAKEY;MADJI;MADJI 11;APESSITO-FX8;
BASE LEGBASSITO 1;APESSITO-FX8;HOUNAKEY;MADJI;MADJI 12;APESSITO-FX8;
BASE LEGBASSITO 1;APESSITO-FX8;HOUNAKEY;MADJI;MADJI 13;APESSITO-FX8;
BASE LEGBASSITO 1;APESSITO-FX8;HOUNAKEY;MADJI;MADJI 14;APESSITO-FX8;
BASE LEGBASSITO 1;APESSITO-FX8;HOUNAKEY;MADJI;MADJI 15;APESSITO-FX8;
BASE LEGBASSITO 1;APESSITO-FX8;HOUNAKEY;MADJI;MADJI 7;APESSITO-FX8;
BASE LEGBASSITO 1;APESSITO-FX8;HOUNAKEY;MADJI;MADJI 8;APESSITO-FX8;
BASE LEGBASSITO 1;APESSITO-FX8;HOUNAKEY;MADJI;MADJI 9;APESSITO-FX8;
BASE LEGBASSITO 1;MADJIKPETO-FX8;HOUNAKEY;MADJI;MADJI 1;MADJIKPETO-FX8;
BASE LEGBASSITO 1;MADJIKPETO-FX8;HOUNAKEY;MADJI;MADJI 2;MADJIKPETO-FX8;
BASE LEGBASSITO 1;MADJIKPETO-FX8;HOUNAKEY;MADJI;MADJI 3;MADJIKPETO-FX8;
BASE LEGBASSITO 1;MADJIKPETO-FX8;HOUNAKEY;MADJI;MADJI 4;MADJIKPETO-FX8;
BASE LEGBASSITO 1;MADJIKPETO-FX8;HOUNAKEY;MADJI;MADJI 5;MADJIKPETO-FX8;
BASE LEGBASSITO 1;MADJIKPETO-FX8;HOUNAKEY;MADJI;MADJI 6;MADJIKPETO-FX8;
BASE LEGBASSITO 1;;HOUNAKEY;MADJI;ONE-FIELD;;Voir One Field
BASE RP;LOME_RP-FX16;ABAKTA;LOME CENTRE;LOME CENTRE 1;LOME_RP-FX16;
BASE RP;LOME_RP-FX16;ABAKTA;LOME CENTRE;LOME CENTRE 10;LOME_RP-FX16;
BASE RP;LOME_RP-FX16;ABAKTA;LOME CENTRE;LOME CENTRE 11;LOME_RP-FX16;
BASE RP;LOME_RP-FX16;ABAKTA;LOME CENTRE;LOME CENTRE 12;LOME_RP-FX16;
BASE RP;LOME_RP-FX16;ABAKTA;LOME CENTRE;LOME CENTRE 13;LOME_RP-FX16;
BASE RP;LOME_RP-FX16;ABAKTA;LOME CENTRE;LOME CENTRE 14;LOME_RP-FX16;
BASE RP;LOME_RP-FX16;ABAKTA;LOME CENTRE;LOME CENTRE 15;LOME_RP-FX16;
BASE RP;LOME_RP-FX16;ABAKTA;LOME CENTRE;LOME CENTRE 16;LOME_RP-FX16;
BASE RP;LOME_RP-FX16;ABAKTA;LOME CENTRE;LOME CENTRE 17;LOME_RP-FX16;
BASE RP;LOME_RP-FX16;ABAKTA;LOME CENTRE;LOME CENTRE 18;LOME_RP-FX16;
BASE RP;LOME_RP-FX16;ABAKTA;LOME CENTRE;LOME CENTRE 19;LOME_RP-FX16;
BASE RP;LOME_RP-FX16;ABAKTA;LOME CENTRE;LOME CENTRE 2;LOME_RP-FX16;
BASE RP;LOME_RP-FX16;ABAKTA;LOME CENTRE;LOME CENTRE 20;LOME_RP-FX16;
BASE RP;LOME_RP-FX16;ABAKTA;LOME CENTRE;LOME CENTRE 21;LOME_RP-FX16;
BASE RP;LOME_RP-FX16;ABAKTA;LOME CENTRE;LOME CENTRE 22;LOME_RP-FX16;
BASE RP;LOME_RP-FX16;ABAKTA;LOME CENTRE;LOME CENTRE 3;LOME_RP-FX16;
BASE RP;LOME_RP-FX16;ABAKTA;LOME CENTRE;LOME CENTRE 4;LOME_RP-FX16;
BASE RP;LOME_RP-FX16;ABAKTA;LOME CENTRE;LOME CENTRE 5;LOME_RP-FX16;
BASE RP;LOME_RP-FX16;ABAKTA;LOME CENTRE;LOME CENTRE 6;LOME_RP-FX16;
BASE RP;LOME_RP-FX16;ABAKTA;LOME CENTRE;LOME CENTRE 7;LOME_RP-FX16;
BASE RP;LOME_RP-FX16;ABAKTA;LOME CENTRE;LOME CENTRE 8;LOME_RP-FX16;
BASE RP;LOME_RP-FX16;ABAKTA;LOME CENTRE;LOME CENTRE 9;LOME_RP-FX16;
BASE RP;LOME_RP-FX8;ABAKTA;LOME CENTRE;LOME CENTRE 0;LOME_RP-FX8;
BASE LEGBASSITO 1;ASSIGOME-FX4;HOUNAKEY;LOGOPE;LOGOPE 3;ASSIGOME-FX4;
BASE LEGBASSITO 1;ASSIGOME-FX4;HOUNAKEY;LOGOPE;LOGOPE 4;ASSIGOME-FX4;
BASE LEGBASSITO 1;LOGOPE-FX4;HOUNAKEY;LOGOPE;LOGOPE 1;LOGOPE-FX4;
BASE LEGBASSITO 1;LOGOPE-FX4;HOUNAKEY;LOGOPE;LOGOPE 2;LOGOPE-FX4;
BASE LEGBASSITO 1;LOGOPE-FX4;HOUNAKEY;LOGOPE;LOGOPE 5;LOGOPE-FX4;
BASE LEGBASSITO 1;LOGOPE-FX4;HOUNAKEY;LOGOPE;LOGOPE 6;LOGOPE-FX4;
BASE LEGBASSITO 1;LEGBA7362;HOUNAKEY;LEGBASSITO;LEGBASSITO 7;LEGBA7362;
BASE LEGBASSITO 1;LEGBASSITO-FX4;HOUNAKEY;LEGBASSITO;LEGBASSITO 1;LEGBASSITO-FX4;
BASE LEGBASSITO 1;LEGBASSITO-FX4;HOUNAKEY;LEGBASSITO;LEGBASSITO 2;LEGBASSITO-FX4;
BASE LEGBASSITO 1;LEGBASSITO-FX4;HOUNAKEY;LEGBASSITO;LEGBASSITO 3;LEGBASSITO-FX4;
BASE LEGBASSITO 1;LEGBASSITO-FX4;HOUNAKEY;LEGBASSITO;LEGBASSITO 4;LEGBASSITO-FX4;
BASE LEGBASSITO 1;LEGBASSITO-FX4;HOUNAKEY;LEGBASSITO;LEGBASSITO 5;LEGBASSITO-FX4;
BASE LEGBASSITO 1;LEGBASSITO-FX4;HOUNAKEY;LEGBASSITO;LEGBASSITO 6;LEGBASSITO-FX4;Une partie sur l'OLT LEGBA7362
;;;KPALIME;KPALIME 10;KPALIME_KPODJI-FX4;
;;;KPALIME;KPALIME 11;KPALIME_KPODJI-FX4;
;;;KPALIME;KPALIME 15;KPALIME_RE-FX4;
;;;KPALIME;KPALIME 16;KPALIME_RE-FX4;
;;;KPALIME;KPALIME 17;KPALIME_RE-FX4;
;;;KPALIME;KPALIME 1;KPALIME_RE-FX8;
;;;KPALIME;KPALIME 2;KPALIME_RE-FX8;
;;;KPALIME;KPALIME 3;KPALIME_RE-FX8;
;;;KPALIME;KPALIME 4;KPALIME_RE-FX8;
;;;KPALIME;KPALIME 5;KPALIME_RE-FX8;
;;;KPALIME;KPALIME 6;KPALIME_RE-FX8;
;;;KPALIME;KPALIME 7;KPALIME_RE-FX8;
;;;KPALIME;KPALIME 8;KPALIME_RE-FX8;
;;;KPALIME;KPALIME 9;KPALIME_RE-FX8;
;;;KPALIME;KPALIME 12;KPALIME2-FX4;
;;;KPALIME;KPALIME 13;KPALIME2-FX4;
;;;KPALIME;KPALIME 14;KPALIME2-FX4;
;;;KPALIME;KPALIME 18;KPALIME2-FX4;
BASE CACAVELLI ;KLIKAME-FX16;ATSOU;KLIKAME;KLIKAME 1;KLIKAME-FX16;
BASE CACAVELLI ;KLIKAME-FX16;ATSOU;KLIKAME;KLIKAME 10;KLIKAME-FX16;
BASE CACAVELLI ;KLIKAME-FX16;ATSOU;KLIKAME;KLIKAME 11;KLIKAME-FX16;
BASE CACAVELLI ;KLIKAME-FX16;ATSOU;KLIKAME;KLIKAME 12;KLIKAME-FX16;
BASE CACAVELLI ;KLIKAME-FX16;ATSOU;KLIKAME;KLIKAME 14;KLIKAME-FX16;
BASE CACAVELLI ;KLIKAME-FX16;ATSOU;KLIKAME;KLIKAME 15;KLIKAME-FX16;
BASE CACAVELLI ;KLIKAME-FX16;ATSOU;KLIKAME;KLIKAME 2;KLIKAME-FX16;
BASE CACAVELLI ;KLIKAME-FX16;ATSOU;KLIKAME;KLIKAME 3;KLIKAME-FX16;
BASE CACAVELLI ;KLIKAME-FX16;ATSOU;KLIKAME;KLIKAME 4;KLIKAME-FX16;
BASE CACAVELLI ;KLIKAME-FX16;ATSOU;KLIKAME;KLIKAME 5;KLIKAME-FX16;
BASE CACAVELLI ;KLIKAME-FX16;ATSOU;KLIKAME;KLIKAME 6;KLIKAME-FX16;
BASE CACAVELLI ;KLIKAME-FX16;ATSOU;KLIKAME;KLIKAME 7;KLIKAME-FX16;
BASE CACAVELLI ;KLIKAME-FX16;ATSOU;KLIKAME;KLIKAME 8;KLIKAME-FX16;
BASE CACAVELLI ;KLIKAME-FX16;ATSOU;KLIKAME;KLIKAME 9;KLIKAME-FX16;
BASE CACAVELLI ;KELEGOUGAN-FX4;ATSOU;KELEGOUGAN;KELEGOUGAN 1;KELEGOUGAN-FX4;
BASE CACAVELLI ;KELEGOUGAN-FX4;ATSOU;KELEGOUGAN;KELEGOUGAN 2;KELEGOUGAN-FX4;
BASE CACAVELLI ;KELEGOUGAN-FX4;ATSOU;KELEGOUGAN;KELEGOUGAN 3;KELEGOUGAN-FX4;
BASE CACAVELLI ;KELEGOUGAN-FX4;ATSOU;KELEGOUGAN;KELEGOUGAN 4;KELEGOUGAN-FX4;
BASE CACAVELLI ;KELEGOUGAN-FX4;ATSOU;KELEGOUGAN;KELEGOUGAN 5;KELEGOUGAN-FX4;
BASE HEDZRANAWE;KEGUE;KOMLAGAN;KEGUE;KEGUE 0;KEGUE;Une partie sur KEGUE-2
BASE HEDZRANAWE;KEGUE-FX8;KOMLAGAN;KEGUE;KEGUE 1;KEGUE-FX8;
BASE HEDZRANAWE;KEGUE-FX8;KOMLAGAN;KEGUE;KEGUE 2;KEGUE-FX8;
BASE HEDZRANAWE;KEGUE-FX8;KOMLAGAN;KEGUE;KEGUE 3;KEGUE-FX8;
BASE HEDZRANAWE;KEGUE-FX8;KOMLAGAN;KEGUE;KEGUE 4;KEGUE-FX8;
BASE HEDZRANAWE;KEGUE-FX8;KOMLAGAN;KEGUE;KEGUE 5;KEGUE-FX8;
BASE HEDZRANAWE;KEGUE-FX8;KOMLAGAN;KEGUE;KEGUE 6;KEGUE-FX8;
BASE HEDZRANAWE;KEGUE-FX8;KOMLAGAN;KEGUE;KEGUE 7;KEGUE-FX8;
BASE HEDZRANAWE;KEGUE-FX8;KOMLAGAN;KEGUE;KEGUE 8;KEGUE-FX8;
;;;KARA;KARA 10;KARA_RE-FX4;
;;;KARA;KARA 17;KARA_RE-FX4;
;;;KARA;KARA 18;KARA_RE-FX4;
;;;KARA;KARA 7;KARA_RE-FX4;
;;;KARA;KARA 8;KARA_RE-FX4;
;;;KARA;KARA 9;KARA_RE-FX4;
;;;KARA;KARA 19;KARA_RE-FX8;
;;;KARA;KARA 20;KARA_RE-FX8;
;;;KARA;KARA 21;KARA_RE-FX8;
;;;KARA;KARA 22;KARA_RE-FX8;
;;;KARA;KARA 23;KARA_RE-FX8;
;;;KARA;KARA 24;KARA_RE-FX8;
;;;KARA;KARA 25;KARA_RE-FX8;
;;;KARA;KARA 26;KARA_RE-FX8;
;;;KARA;KARA 36;KARA_SUD-FX4;
;;;KARA;KARA 37;KARA_SUD-FX4;
;;;KARA;KARA 38;KARA_SUD-FX4;
;;;KARA;KARA 6;KARA_SUD-FX4;
;;;KARA;KARA 27;KARA_SUD-FX8;
;;;KARA;KARA 28;KARA_SUD-FX8;
;;;KARA;KARA 29;KARA_SUD-FX8;
;;;KARA;KARA 30;KARA_SUD-FX8;
;;;KARA;KARA 31;KARA_SUD-FX8;
;;;KARA;KARA 32;KARA_SUD-FX8;
;;;KARA;KARA 33;KARA_SUD-FX8;
;;;KARA;KARA 34;KARA_SUD-FX8;
;;;KARA;KARA 35;KARA_SUD-FX8;
;;;KARA;KARA 1;KARA_TOMDE-FX4;
;;;KARA;KARA 11;KARA_TOMDE-FX4;
;;;KARA;KARA 2;KARA_TOMDE-FX4;
;;;KARA;KARA 03;KARA_TOMDE-FX4;
;;;KARA;KARA 4;KARA_TOMDE-FX4;
;;;KARA;KARA 5;KARA_TOMDE-FX4;
;;;KARA;KARA 12;KARA_TOMDE-FX4_2;
;;;KARA;KARA 13;KARA_TOMDE-FX4_2;
;;;KARA;KARA 14;KARA_TOMDE-FX4_2;
;;;KARA;KARA 15;KARA_TOMDE-FX4_2;
;;;KARA;KARA 16;KARA_TOMDE-FX4_2;
;;;KANTE;KANTE 1;KANTE-FX4;
;;;KANTE;KANTE 2;KANTE-FX4;
BASE HEDZRANAWE;TOGO2000;KOMLAGAN;HEDZRANAWOE;HEDZRANAWOE 0;TOGO2000;Une partie sur TOGO2000_2
BASE HEDZRANAWE;TOGO2000-FX8;KOMLAGAN;HEDZRANAWOE;HEDZRANAWOE 1;TOGO2000-FX8;
BASE HEDZRANAWE;TOGO2000-FX8;KOMLAGAN;HEDZRANAWOE;HEDZRANAWOE 2;TOGO2000-FX8;
BASE HEDZRANAWE;TOGO2000-FX8;KOMLAGAN;HEDZRANAWOE;HEDZRANAWOE 3;TOGO2000-FX8;
BASE HEDZRANAWE;TOGO2000-FX8;KOMLAGAN;HEDZRANAWOE;HEDZRANAWOE 4;TOGO2000-FX8;
BASE CACAVELLI ;GTA-FX8;ATSOU;GTA;GTA 0;GTA-FX8;
BASE RP;SOS-FX8;ABAKTA;FOREVER;FOREVER 0;SOS-FX8;
BASE RP;SOS-FX8;ABAKTA;FOREVER;FOREVER 1;SOS-FX8;
BASE RP;SOS-FX8;ABAKTA;FOREVER;FOREVER 2;SOS-FX8;
BASE RP;SOS-FX8;ABAKTA;FOREVER;FOREVER 3;SOS-FX8;
BASE RP;SOS-FX8;ABAKTA;FOREVER;FOREVER 4;SOS-FX8;
BASE RP;SOS-FX8;ABAKTA;FOREVER;ONE-FIELD;;Voir One Field
BASE HEDZRANAWE;DJAGBLE-FX16;KOMLAGAN;DJAGBLE;DJAGBLE 1;DJAGBLE-FX16;
BASE HEDZRANAWE;DJAGBLE-FX16;KOMLAGAN;DJAGBLE;DJAGBLE 10;DJAGBLE-FX16;
BASE HEDZRANAWE;DJAGBLE-FX16;KOMLAGAN;DJAGBLE;DJAGBLE 11;DJAGBLE-FX16;
BASE HEDZRANAWE;DJAGBLE-FX16;KOMLAGAN;DJAGBLE;DJAGBLE 12;DJAGBLE-FX16;
BASE HEDZRANAWE;DJAGBLE-FX16;KOMLAGAN;DJAGBLE;DJAGBLE 13;DJAGBLE-FX16;
BASE HEDZRANAWE;DJAGBLE-FX16;KOMLAGAN;DJAGBLE;DJAGBLE 2;DJAGBLE-FX16;
BASE HEDZRANAWE;DJAGBLE-FX16;KOMLAGAN;DJAGBLE;DJAGBLE 3;DJAGBLE-FX16;
BASE HEDZRANAWE;DJAGBLE-FX16;KOMLAGAN;DJAGBLE;DJAGBLE 4;DJAGBLE-FX16;
BASE HEDZRANAWE;DJAGBLE-FX16;KOMLAGAN;DJAGBLE;DJAGBLE 5;DJAGBLE-FX16;
BASE HEDZRANAWE;DJAGBLE-FX16;KOMLAGAN;DJAGBLE;DJAGBLE 6;DJAGBLE-FX16;
BASE HEDZRANAWE;DJAGBLE-FX16;KOMLAGAN;DJAGBLE;DJAGBLE 7;DJAGBLE-FX16;
BASE HEDZRANAWE;DJAGBLE-FX16;KOMLAGAN;DJAGBLE;DJAGBLE 8;DJAGBLE-FX16;
BASE HEDZRANAWE;DJAGBLE-FX16;KOMLAGAN;DJAGBLE;DJAGBLE 9;DJAGBLE-FX16;
;;;DJAGBLE;ONE-FIELD;;Voir One Field
BASE HEDZRANAWE;DICAME-FX8;KOMLAGAN;DICAME;DICAME 1;DICAME-FX8;
BASE HEDZRANAWE;DICAME-FX8;KOMLAGAN;DICAME;DICAME 2;DICAME-FX8;
BASE HEDZRANAWE;DICAME-FX8;KOMLAGAN;DICAME;DICAME 3;DICAME-FX8;
BASE HEDZRANAWE;DICAME-FX8;KOMLAGAN;DICAME;DICAME 4;DICAME-FX8;
BASE HEDZRANAWE;DICAME-FX8;KOMLAGAN;DICAME;DICAME 5;DICAME-FX8;
BASE HEDZRANAWE;DICAME-FX8;KOMLAGAN;DICAME;DICAME 6;DICAME-FX8;
BASE HEDZRANAWE;DICAME-FX8;KOMLAGAN;DICAME;DICAME 7;DICAME-FX8;
;;;DAPAONG;DAPAONG 6;DAPAONG_LAMIREL-FX4;
;;;DAPAONG;DAPAONG 7;DAPAONG_LAMIREL-FX4;
;;;DAPAONG;DAPAONG 8;DAPAONG_LAMIREL-FX4;
;;;DAPAONG;DAPAONG 9;DAPAONG_LAMIREL-FX4;
;;;DAPAONG;DAPAONG 17;DAPAONG_LAMIREL-FX4_2;
;;;DAPAONG;DAPAONG 18;DAPAONG_LAMIREL-FX4_2;
;;;DAPAONG;DAPAONG 19;DAPAONG_LAMIREL-FX4_2;
;;;DAPAONG;DAPAONG 10;DAPAONG_NASSABLE-FX8;
;;;DAPAONG;DAPAONG 11;DAPAONG_NASSABLE-FX8;
;;;DAPAONG;DAPAONG 12;DAPAONG_NASSABLE-FX8;
;;;DAPAONG;DAPAONG 13;DAPAONG_NASSABLE-FX8;
;;;DAPAONG;DAPAONG 14;DAPAONG_NASSABLE-FX8;
;;;DAPAONG;DAPAONG 15;DAPAONG_NASSABLE-FX8;
;;;DAPAONG;DAPAONG 16;DAPAONG_NASSABLE-FX8;
;;;DAPAONG;DAPAONG 1;DAPAONG1-FX4;
;;;DAPAONG;DAPAONG 2;DAPAONG1-FX4;
;;;DAPAONG;DAPAONG 3;DAPAONG1-FX4;
;;;DAPAONG;DAPAONG 4;DAPAONG1-FX4;
;;;DAPAONG;DAPAONG 5;DAPAONG1-FX4;
;;;DAPAONG;DAPAONG 20;DAPAONG1-FX8;
;;;DAPAONG;DAPAONG 21;DAPAONG1-FX8;
;;;DAPAONG;DAPAONG 22;DAPAONG1-FX8;
;;;DAPAONG;DAPAONG 23;DAPAONG1-FX8;
;;;DAPAONG;DAPAONG 24;DAPAONG1-FX8;
;;;DAPAONG;DAPAONG 25;DAPAONG1-FX8;
BASE PORT;PORT;AMAH;CNSS BAGUIDA;CNSS BAGUIDA 0;PORT;
BASE CACAVELLI ;GTA-FX8;ATSOU;CITE OUA;CITE OUA 0;GTA-FX8;
BASE RP;HEDZRANAWE1;ABAKTA;CITE MILLENIUM;CITE MILLENIUM 0;HEDZRANAWE1;
BASE PORT;PORT;AMAH;CITE BOAD;CITE BOAD 0;PORT;
;;;CINKASSE;CINKASSE 1;CINKASSE-FX4;
;;;CINKASSE;CINKASSE 2;CINKASSE-FX4;
;;;CINKASSE;CINKASSE 3;CINKASSE-FX4;
;;;CINKASSE;CINKASSE 4;CINKASSE-FX4;
;;;CINKASSE;CINKASSE 5;CINKASSE-FX4;
;;;CINKASSE;CINKASSE 10;CINKASSE-FX4_2;
;;;CINKASSE;CINKASSE 6;CINKASSE-FX4_2;
;;;CINKASSE;CINKASSE 7;CINKASSE-FX4_2;
;;;CINKASSE;CINKASSE 8;CINKASSE-FX4_2;
;;;CINKASSE;CINKASSE 9;CINKASSE-FX4_2;
BASE RP;CAMPUS-MOOV;ABAKTA;CAMPUS;CAMPUS 0;CAMPUS-MOOV;
BASE CACAVELLI ;;ATSOU;CACAVELI;CACAVELI 1;CACAVELI-FX8;
BASE CACAVELLI ;;ATSOU;CACAVELI;CACAVELI 11;CACAVELI-FX8;
BASE CACAVELLI ;;ATSOU;CACAVELI;CACAVELI 2;CACAVELI-FX8;
BASE CACAVELLI ;;ATSOU;CACAVELI;CACAVELI 3;CACAVELI-FX8;
BASE CACAVELLI ;;ATSOU;CACAVELI;CACAVELI 4;CACAVELI-FX8;
BASE CACAVELLI ;;ATSOU;CACAVELI;CACAVELI 5;CACAVELI-FX8;
BASE CACAVELLI ;;ATSOU;CACAVELI;CACAVELI 6;CACAVELI-FX8;
BASE CACAVELLI ;;ATSOU;CACAVELI;CACAVELI 7;CACAVELI-FX8;
BASE CACAVELLI ;;ATSOU;CACAVELI;CACAVELI 8;CACAVELI-FX8;
BASE CACAVELLI ;CACN-FX4;ATSOU;CACAVELI;CACAVELI 0;CACN-FX4;
BASE RP;SEMINAIRE-FX8;ABAKTA;BLVD DE LA KARA;BLVD DE LA KARA 0;SEMINAIRE-FX8;
BASE RP;SEMINAIRE-FX8;ABAKTA;BLVD DE LA KARA;BLVD DE LA KARA 1;SEMINAIRE-FX8;
BASE RP;SEMINAIRE-FX8;ABAKTA;BLVD DE LA KARA;BLVD DE LA KARA 2;SEMINAIRE-FX8;
BASE RP;SEMINAIRE-FX8;ABAKTA;BLVD DE LA KARA;BLVD DE LA KARA 3;SEMINAIRE-FX8;
BASE RP;SEMINAIRE-FX8;ABAKTA;BLVD DE LA KARA;BLVD DE LA KARA 4;SEMINAIRE-FX8;
BASE RP;;ABAKTA;BLVD DE LA KARA;ONE-FIELD;;Voir One Field
;;;BLITTA;BLITTA 1;BLITTA-FX4;
;;;BLITTA;BLITTA 2;BLITTA-FX4;
;;;BLITTA;BLITTA 3;BLITTA-FX4;
BASE RP;BE-CHATEAU-FX8;ABAKTA;BECHATEAU;BECHATEAU 1;BE-CHATEAU-FX8;
BASE RP;BE-CHATEAU-FX8;ABAKTA;BECHATEAU;BECHATEAU 12;BE-CHATEAU-FX8;
BASE RP;BE-CHATEAU-FX8;ABAKTA;BECHATEAU;BECHATEAU 2;BE-CHATEAU-FX8;
BASE RP;BE-CHATEAU-FX8;ABAKTA;BECHATEAU;BECHATEAU 3;BE-CHATEAU-FX8;
BASE RP;BE-CHATEAU-FX8;ABAKTA;BECHATEAU;BECHATEAU 4;BE-CHATEAU-FX8;
BASE RP;BE-CHATEAU-FX8;ABAKTA;BECHATEAU;BECHATEAU 5;BE-CHATEAU-FX8;
BASE RP;BE-CHATEAU-FX8;ABAKTA;BECHATEAU;BECHATEAU 6;BE-CHATEAU-FX8;
BASE RP;BE-CHATEAU-FX8;ABAKTA;BECHATEAU;BECHATEAU 7;BE-CHATEAU-FX8;
BASE RP;BE-CHATEAU-FX8;ABAKTA;BECHATEAU;BECHATEAU 8;BE-CHATEAU-FX8;
BASE RP;BE-CHATEAU-FX8;ABAKTA;BECHATEAU;BECHATEAU 9;BE-CHATEAU-FX8;
BASE PORT;GBENYEDJI-FX4;AMAH;BECHATEAU;BECHATEAU 10;GBENYEDJI-FX4;
BASE PORT;GBENYEDJI-FX4;AMAH;BECHATEAU;BECHATEAU 11;GBENYEDJI-FX4;
BASE PORT;GBENYEDJI-FX4;AMAH;BECHATEAU;BECHATEAU 13;GBENYEDJI-FX4;
BASE PORT;GBENYEDJI-FX4;AMAH;BECHATEAU;BECHATEAU 14;GBENYEDJI-FX4;
BASE PORT;GBENYEDJI-FX4;AMAH;BECHATEAU;BECHATEAU 15;GBENYEDJI-FX4;
BASE PORT;GBENYEDJI-FX4;AMAH;BECHATEAU;BECHATEAU 16;GBENYEDJI-FX4;
;;;BASSAR;BASSAR 1;BASSAR-FX4;
;;;BASSAR;BASSAR 2;BASSAR-FX4;
;;;BASSAR;BASSAR 3;BASSAR-FX4;
;;;BASSAR;BASSAR 4;BASSAR-FX4;
BASE PORT;BAGUIDA-FX8;AMAH;BAGUIDA3;BAGUIDA3 1;BAGUIDA-FX8;
BASE PORT;BAGUIDA-FX8;AMAH;BAGUIDA3;BAGUIDA3 10;BAGUIDA-FX8;
BASE PORT;BAGUIDA-FX8;AMAH;BAGUIDA3;BAGUIDA3 11;BAGUIDA-FX8;
BASE PORT;BAGUIDA-FX8;AMAH;BAGUIDA3;BAGUIDA3 2;BAGUIDA-FX8;
BASE PORT;BAGUIDA-FX8;AMAH;BAGUIDA3;BAGUIDA3 3;BAGUIDA-FX8;
BASE PORT;BAGUIDA-FX8;AMAH;BAGUIDA3;BAGUIDA3 4;BAGUIDA-FX8;
BASE PORT;BAGUIDA-FX8;AMAH;BAGUIDA3;BAGUIDA3 5;BAGUIDA-FX8;
BASE PORT;BAGUIDA-FX8;AMAH;BAGUIDA3;BAGUIDA3 6;BAGUIDA-FX8;
BASE PORT;BAGUIDA-FX8;AMAH;BAGUIDA3;BAGUIDA3 7;BAGUIDA-FX8;
BASE PORT;BAGUIDA-FX8;AMAH;BAGUIDA3;BAGUIDA3 8;BAGUIDA-FX8;
BASE PORT;BAGUIDA-FX8;AMAH;BAGUIDA3;BAGUIDA3 9;BAGUIDA-FX8;
BASE PORT;PORT;AMAH;BAGUIDA;BAGUIDA 0;PORT;
BASE CACAVELLI ;AVEDJI2-FX16;ATSOU;AVEDJI2;AVEDJI2 1;AVEDJI2-FX16;
BASE CACAVELLI ;AVEDJI2-FX16;ATSOU;AVEDJI2;AVEDJI2 10;AVEDJI2-FX16;
BASE CACAVELLI ;AVEDJI2-FX16;ATSOU;AVEDJI2;AVEDJI2 11;AVEDJI2-FX16;
BASE CACAVELLI ;AVEDJI2-FX16;ATSOU;AVEDJI2;AVEDJI2 12;AVEDJI2-FX16;
BASE CACAVELLI ;AVEDJI2-FX16;ATSOU;AVEDJI2;AVEDJI2 13;AVEDJI2-FX16;
BASE CACAVELLI ;AVEDJI2-FX16;ATSOU;AVEDJI2;AVEDJI2 14;AVEDJI2-FX16;
BASE CACAVELLI ;AVEDJI2-FX16;ATSOU;AVEDJI2;AVEDJI2 2;AVEDJI2-FX16;
BASE CACAVELLI ;AVEDJI2-FX16;ATSOU;AVEDJI2;AVEDJI2 3;AVEDJI2-FX16;
BASE CACAVELLI ;AVEDJI2-FX16;ATSOU;AVEDJI2;AVEDJI2 4;AVEDJI2-FX16;
BASE CACAVELLI ;AVEDJI2-FX16;ATSOU;AVEDJI2;AVEDJI2 5;AVEDJI2-FX16;
BASE CACAVELLI ;AVEDJI2-FX16;ATSOU;AVEDJI2;AVEDJI2 6;AVEDJI2-FX16;
BASE CACAVELLI ;AVEDJI2-FX16;ATSOU;AVEDJI2;AVEDJI2 7;AVEDJI2-FX16;
BASE CACAVELLI ;AVEDJI2-FX16;ATSOU;AVEDJI2;AVEDJI2 8;AVEDJI2-FX16;
BASE CACAVELLI ;AVEDJI2-FX16;ATSOU;AVEDJI2;AVEDJI2 9;AVEDJI2-FX16;
BASE CACAVELLI ;AVEDJI1-FX8;ATSOU;AVEDJI1;AVEDJI1 1;AVEDJI1-FX8;
BASE CACAVELLI ;AVEDJI1-FX8;ATSOU;AVEDJI1;AVEDJI1 2;AVEDJI1-FX8;
BASE CACAVELLI ;AVEDJI1-FX8;ATSOU;AVEDJI1;AVEDJI1 3;AVEDJI1-FX8;
BASE CACAVELLI ;AVEDJI1-FX8;ATSOU;AVEDJI1;AVEDJI1 4;AVEDJI1-FX8;
BASE CACAVELLI ;AVEDJI1-FX8;ATSOU;AVEDJI1;AVEDJI1 5;AVEDJI1-FX8;
BASE CACAVELLI ;AVEDJI1-FX8;ATSOU;AVEDJI1;AVEDJI1 6;AVEDJI1-FX8;
BASE CACAVELLI ;AVEDJI1-FX8;ATSOU;AVEDJI1;AVEDJI1 7;AVEDJI1-FX8;
BASE CACAVELLI ;AVEDJI1-FX8;ATSOU;AVEDJI1;AVEDJI1 8;AVEDJI1-FX8;
BASE CACAVELLI ;AVEDJI1-FX8;ATSOU;AVEDJI1;AVEDJI1 9;AVEDJI1-FX8;
;;;ATAKPAME;ATAKPAME 4;AGBONOU1_FX4;
;;;ATAKPAME;ATAKPAME 5;AGBONOU1_FX4;
;;;ATAKPAME;ATAKPAME 6;AGBONOU1_FX4;
;;;ATAKPAME;ATAKPAME 7;AGBONOU1_FX4;
;;;ATAKPAME;ATAKPAME 8;AGBONOU1_FX4;
;;;ATAKPAME;ATAKPAME 10;AGBONOU1_FX4_2;
;;;ATAKPAME;ATAKPAME 11;AGBONOU1_FX4_2;
;;;ATAKPAME;ATAKPAME 12;AGBONOU1_FX4_2;
;;;ATAKPAME;ATAKPAME 13;AGBONOU1_FX4_2;
;;;ATAKPAME;ATAKPAME 9;AGBONOU1_FX4_2;
;;;ATAKPAME;ATAKPAME 1;ATAKPAME_RE-FX4;
;;;ATAKPAME;ATAKPAME 19;ATAKPAME_RE-FX4;
;;;ATAKPAME;ATAKPAME 2;ATAKPAME_RE-FX4;
;;;ATAKPAME;ATAKPAME 20;ATAKPAME_RE-FX4;
;;;ATAKPAME;ATAKPAME 3;ATAKPAME_RE-FX4;
;;;ATAKPAME;ATAKPAME 16;HIHEATRO-FX4;
;;;ATAKPAME;ATAKPAME 17;HIHEATRO-FX4;
;;;ATAKPAME;ATAKPAME 18;HIHEATRO-FX4;
;;;ATAKPAME;ATAKPAME 14;TEMEDJA-FX4;
;;;ATAKPAME;ATAKPAME 15;TEMEDJA-FX4;
BASE RP;GBADAGO-FX4;ABAKTA;ARMEE;ARMEE 10;GBADAGO-FX4;
BASE RP;GBADAGO-FX4;ABAKTA;ARMEE;ARMEE 3;GBADAGO-FX4;
BASE RP;GBADAGO-FX4;ABAKTA;ARMEE;ARMEE 4;GBADAGO-FX4;
BASE RP;GBADAGO-FX4;ABAKTA;ARMEE;ARMEE 9;GBADAGO-FX4;
BASE RP;SEMINAIRE-FX8;ABAKTA;ARMEE;ARMEE 1;SEMINAIRE-FX8;
BASE RP;SEMINAIRE-FX8;ABAKTA;ARMEE;ARMEE 2;SEMINAIRE-FX8;
BASE RP;SEMINAIRE-FX8;ABAKTA;ARMEE;ARMEE 5;SEMINAIRE-FX8;
BASE RP;SEMINAIRE-FX8;ABAKTA;ARMEE;ARMEE 6;SEMINAIRE-FX8;
BASE RP;SEMINAIRE-FX8;ABAKTA;ARMEE;ARMEE 7;SEMINAIRE-FX8;
BASE RP;SEMINAIRE-FX8;ABAKTA;ARMEE;ARMEE 8;SEMINAIRE-FX8;
ADIDOGOME;APEDOKOE-FX8;DOSSAVI;APEDOKOE;APEDOKOE 1;APEDOKOE-FX8;
ADIDOGOME;APEDOKOE-FX8;DOSSAVI;APEDOKOE;APEDOKOE 2;APEDOKOE-FX8;
ADIDOGOME;APEDOKOE-FX8;DOSSAVI;APEDOKOE;APEDOKOE 3;APEDOKOE-FX8;
ADIDOGOME;APEDOKOE-FX8;DOSSAVI;APEDOKOE;APEDOKOE 4;APEDOKOE-FX8;
ADIDOGOME;APEDOKOE-FX8;DOSSAVI;APEDOKOE;APEDOKOE 5;APEDOKOE-FX8;
ADIDOGOME;APEDOKOE-FX8;DOSSAVI;APEDOKOE;APEDOKOE 6;APEDOKOE-FX8;
ADIDOGOME;APEDOKOE-FX8;DOSSAVI;APEDOKOE;APEDOKOE 7;APEDOKOE-FX8;
;;;ANIE;ANIE 1;ANIE-FX4;
;;;ANIE;ANIE 2;ANIE-FX4;
;;;ANIE;ANIE 3;ANIE-FX4;
;;;ANIE;ANIE 4;ANIE-FX4;
;;;ANIE;ANIE 5;ANIE-FX4;
;;;ANIE;ANIE 6;ANIE-FX4;
;;;ADETA;ADETA 1;ADETA-FX4;
;;;ADETA;ADETA 2;ADETA-FX4;
;;;ADETA;ADETA 3;ADETA-FX4;
;;;ANEHO;ANEHO 6;ANEHO1_RE-FX4;
;;;ANEHO;ANEHO 7;ANEHO1_RE-FX4;
;;;ANEHO;ANEHO 8;ANEHO1_RE-FX4;
;;;ANEHO;ANEHO 9;ANEHO1_RE-FX4;
;;;ANEHO;ANEHO 1;ANEHO2-7362;
;;;ANEHO;ANEHO 4;ANEHO3-7362-1;
;;;ANEHO;ANEHO 5;ANEHO3-7362-2;
;;;ANEHO;ANEHO 2;ANEHO-PEAGE-1;
;;;ANEHO;ANEHO 10;ANEHO-PEAGE-2;
;;;ANEHO;ANEHO 3;ANEHO-PEAGE-2;
BASE CACAVELLI ;AVEDJI1;ATSOU;AMADAHOME;AMADAHOME 0;AVEDJI1;Extension sur AVEDJI2
BASE CACAVELLI ;AVEDJI1-FX4;ATSOU;AMADAHOME;AMADAHOME 1;AVEDJI1-FX4;
BASE CACAVELLI ;AVEDJI1-FX4;ATSOU;AMADAHOME;AMADAHOME 2;AVEDJI1-FX4;
BASE CACAVELLI ;AVEDJI1-FX4;ATSOU;AMADAHOME;AMADAHOME 3;AVEDJI1-FX4;
BASE CACAVELLI ;AVEDJI1-FX4;ATSOU;AMADAHOME;AMADAHOME 4;AVEDJI1-FX4;
BASE CACAVELLI ;AVEDJI1-FX4;ATSOU;AMADAHOME;AMADAHOME 5;AVEDJI1-FX4;
ADIDOGOME;AMADAHOME2-FX8;DOSSAVI;AMADA2;AMADA2 1;AMADAHOME2-FX8;
ADIDOGOME;AMADAHOME2-FX8;DOSSAVI;AMADA2;AMADA2 2;AMADAHOME2-FX8;
ADIDOGOME;AMADAHOME2-FX8;DOSSAVI;AMADA2;AMADA2 4;AMADAHOME2-FX8;
ADIDOGOME;AMADAHOME2-FX8;DOSSAVI;AMADA2;AMADA2 5;AMADAHOME2-FX8;
ADIDOGOME;AMADAHOME2-FX8;DOSSAVI;AMADA2;AMADA2 6;AMADAHOME2-FX8;
ADIDOGOME;AMADAHOME2-FX8;DOSSAVI;AMADA2;AMADA2 7;AMADAHOME2-FX8;
;;;AGOU GARE;AGOU GARE 1;AGOU_GARE-FX4;
;;;AGOU GARE;AGOU GARE 2;AGOU_GARE-FX4;
BASE CACAVELLI ;CACN-FX4;ATSOU;AGOE;AGOE 0;CACN-FX4;
BASE PORT;AGODEKE-FX8;AMAH;AGODEKA;AGODEKA 1;AGODEKE-FX8;
BASE PORT;AGODEKE-FX8;AMAH;AGODEKA;AGODEKA 10;AGODEKE-FX8;
BASE PORT;AGODEKE-FX8;AMAH;AGODEKA;AGODEKA 11;AGODEKE-FX8;
BASE PORT;AGODEKE-FX8;AMAH;AGODEKA;AGODEKA 2;AGODEKE-FX8;
BASE PORT;AGODEKE-FX8;AMAH;AGODEKA;AGODEKA 3;AGODEKE-FX8;
BASE PORT;AGODEKE-FX8;AMAH;AGODEKA;AGODEKA 4;AGODEKE-FX8;
BASE PORT;AGODEKE-FX8;AMAH;AGODEKA;AGODEKA 5;AGODEKE-FX8;
BASE PORT;AGODEKE-FX8;AMAH;AGODEKA;AGODEKA 6;AGODEKE-FX8;
BASE PORT;AGODEKE-FX8;AMAH;AGODEKA;AGODEKA 7;AGODEKE-FX8;
BASE PORT;AGODEKE-FX8;AMAH;AGODEKA;AGODEKA 8;AGODEKE-FX8;
BASE PORT;AGODEKE-FX8;AMAH;AGODEKA;AGODEKA 9;AGODEKE-FX8;
;;;AGBELOUVE;AGBELOUVE 1;AGBELOUVE-FX4;
BASE CACAVELLI ;AGBALEPEDO-FX16;ATSOU;AGBALEPEDO;AGBALEPEDO 1;AGBALEPEDO-FX16;
BASE CACAVELLI ;AGBALEPEDO-FX16;ATSOU;AGBALEPEDO;AGBALEPEDO 10;AGBALEPEDO-FX16;
BASE CACAVELLI ;AGBALEPEDO-FX16;ATSOU;AGBALEPEDO;AGBALEPEDO 11;AGBALEPEDO-FX16;
BASE CACAVELLI ;AGBALEPEDO-FX16;ATSOU;AGBALEPEDO;AGBALEPEDO 12;AGBALEPEDO-FX16;
BASE CACAVELLI ;AGBALEPEDO-FX16;ATSOU;AGBALEPEDO;AGBALEPEDO 13;AGBALEPEDO-FX16;
BASE CACAVELLI ;AGBALEPEDO-FX16;ATSOU;AGBALEPEDO;AGBALEPEDO 14;AGBALEPEDO-FX16;
BASE CACAVELLI ;AGBALEPEDO-FX16;ATSOU;AGBALEPEDO;AGBALEPEDO 15;AGBALEPEDO-FX16;
BASE CACAVELLI ;AGBALEPEDO-FX16;ATSOU;AGBALEPEDO;AGBALEPEDO 16;AGBALEPEDO-FX16;
BASE CACAVELLI ;AGBALEPEDO-FX16;ATSOU;AGBALEPEDO;AGBALEPEDO 2;AGBALEPEDO-FX16;
BASE CACAVELLI ;AGBALEPEDO-FX16;ATSOU;AGBALEPEDO;AGBALEPEDO 3;AGBALEPEDO-FX16;
BASE CACAVELLI ;AGBALEPEDO-FX16;ATSOU;AGBALEPEDO;AGBALEPEDO 4;AGBALEPEDO-FX16;
BASE CACAVELLI ;AGBALEPEDO-FX16;ATSOU;AGBALEPEDO;AGBALEPEDO 5;AGBALEPEDO-FX16;
BASE CACAVELLI ;AGBALEPEDO-FX16;ATSOU;AGBALEPEDO;AGBALEPEDO 6;AGBALEPEDO-FX16;
BASE CACAVELLI ;AGBALEPEDO-FX16;ATSOU;AGBALEPEDO;AGBALEPEDO 7;AGBALEPEDO-FX16;
BASE CACAVELLI ;AGBALEPEDO-FX16;ATSOU;AGBALEPEDO;AGBALEPEDO 8;AGBALEPEDO-FX16;
BASE CACAVELLI ;AGBALEPEDO-FX16;ATSOU;AGBALEPEDO;AGBALEPEDO 9;AGBALEPEDO-FX16;
BASE PORT;AFIDEGNIGBAN-FX8;AMAH;AFIDENYIGBAN;AFIDENYIGBAN 1;AFIDEGNIGBAN-FX8;
BASE PORT;AFIDEGNIGBAN-FX8;AMAH;AFIDENYIGBAN;AFIDENYIGBAN 2;AFIDEGNIGBAN-FX8;
BASE PORT;AFIDEGNIGBAN-FX8;AMAH;AFIDENYIGBAN;AFIDENYIGBAN 3;AFIDEGNIGBAN-FX8;
BASE PORT;AFIDEGNIGBAN-FX8;AMAH;AFIDENYIGBAN;AFIDENYIGBAN 4;AFIDEGNIGBAN-FX8;
BASE PORT;AFIDEGNIGBAN-FX8;AMAH;AFIDENYIGBAN;AFIDENYIGBAN 5;AFIDEGNIGBAN-FX8;
BASE PORT;AFIDEGNIGBAN-FX8;AMAH;AFIDENYIGBAN;AFIDENYIGBAN 6;AFIDEGNIGBAN-FX8;
BASE PORT;AFIDEGNIGBAN-FX8;AMAH;AFIDENYIGBAN;AFIDENYIGBAN 7;AFIDEGNIGBAN-FX8;
BASE PORT;AFIDEGNIGBAN-FX8;AMAH;AFIDENYIGBAN;AFIDENYIGBAN 8;AFIDEGNIGBAN-FX8;
BASE PORT;AFIDEGNIGBAN-FX8;AMAH;AFIDENYIGBAN;AFIDENYIGBAN 9;AFIDEGNIGBAN-FX8;
BASE PORT;;AMAH;AFIDENYIGBAN;AFIDENYIGBAN 10;AGBODRAFO-FX4;
BASE PORT;;AMAH;AFIDENYIGBAN;AFIDENYIGBAN 11;AGBODRAFO-FX4;
BASE PORT;;AMAH;AFIDENYIGBAN;AFIDENYIGBAN 12;AGBODRAFO-FX4;
BASE PORT;;AMAH;AFIDENYIGBAN;AFIDENYIGBAN 13;AGBODRAFO-FX4;
BASE PORT;;AMAH;AFIDENYIGBAN;ONE-FIELD;;Voir One Field
BASE PORT;AEROPORT-FX8;AMAH;AEROPORT2;AEROPORT2 1;AEROPORT-FX8;
BASE PORT;AEROPORT-FX8;AMAH;AEROPORT2;AEROPORT2 10;AEROPORT-FX8;
BASE PORT;AEROPORT-FX8;AMAH;AEROPORT2;AEROPORT2 11;AEROPORT-FX8;
BASE PORT;AEROPORT-FX8;AMAH;AEROPORT2;AEROPORT2 12;AEROPORT-FX8;
BASE PORT;AEROPORT-FX8;AMAH;AEROPORT2;AEROPORT2 13;AEROPORT-FX8;
BASE PORT;AEROPORT-FX8;AMAH;AEROPORT2;AEROPORT2 14;AEROPORT-FX8;
BASE PORT;AEROPORT-FX8;AMAH;AEROPORT2;AEROPORT2 2;AEROPORT-FX8;
BASE PORT;AEROPORT-FX8;AMAH;AEROPORT2;AEROPORT2 3;AEROPORT-FX8;
BASE PORT;AEROPORT-FX8;AMAH;AEROPORT2;AEROPORT2 4;AEROPORT-FX8;
BASE PORT;AEROPORT-FX8;AMAH;AEROPORT2;AEROPORT2 5;AEROPORT-FX8;
BASE PORT;AEROPORT-FX8;AMAH;AEROPORT2;AEROPORT2 6;AEROPORT-FX8;
BASE PORT;AEROPORT-FX8;AMAH;AEROPORT2;AEROPORT2 7;AEROPORT-FX8;
BASE PORT;AEROPORT-FX8;AMAH;AEROPORT2;AEROPORT2 8;AEROPORT-FX8;
BASE PORT;AEROPORT-FX8;AMAH;AEROPORT2;AEROPORT2 9;AEROPORT-FX8;
BASE CACAVELLI ;ADJOUGBA-FX8;ATSOU;ADJOUGBA;ADJOUGBA 1;ADJOUGBA-FX8;
BASE CACAVELLI ;ADJOUGBA-FX8;ATSOU;ADJOUGBA;ADJOUGBA 10;ADJOUGBA-FX8;
BASE CACAVELLI ;ADJOUGBA-FX8;ATSOU;ADJOUGBA;ADJOUGBA 2;ADJOUGBA-FX8;
BASE CACAVELLI ;ADJOUGBA-FX8;ATSOU;ADJOUGBA;ADJOUGBA 3;ADJOUGBA-FX8;
BASE CACAVELLI ;ADJOUGBA-FX8;ATSOU;ADJOUGBA;ADJOUGBA 4;ADJOUGBA-FX8;
BASE CACAVELLI ;ADJOUGBA-FX8;ATSOU;ADJOUGBA;ADJOUGBA 5;ADJOUGBA-FX8;
BASE CACAVELLI ;ADJOUGBA-FX8;ATSOU;ADJOUGBA;ADJOUGBA 6;ADJOUGBA-FX8;
BASE CACAVELLI ;ADJOUGBA-FX8;ATSOU;ADJOUGBA;ADJOUGBA 7;ADJOUGBA-FX8;
BASE CACAVELLI ;ADJOUGBA-FX8;ATSOU;ADJOUGBA;ADJOUGBA 8;ADJOUGBA-FX8;
BASE CACAVELLI ;ADJOUGBA-FX8;ATSOU;ADJOUGBA;ADJOUGBA 9;ADJOUGBA-FX8;
ADIDOGOME;ADIDO1;DOSSAVI;ADIDOGOME;ADIDOGOME 0;ADIDO1;Extension sur ADIDO-7360-FX8
ADIDOGOME;ADIDO2-FX16;DOSSAVI;ADIDO2;ADIDO2 1;ADIDO2-FX16;
ADIDOGOME;ADIDO2-FX16;DOSSAVI;ADIDO2;ADIDO2 10;ADIDO2-FX16;
ADIDOGOME;ADIDO2-FX16;DOSSAVI;ADIDO2;ADIDO2 11;ADIDO2-FX16;
ADIDOGOME;ADIDO2-FX16;DOSSAVI;ADIDO2;ADIDO2 12;ADIDO2-FX16;
ADIDOGOME;ADIDO2-FX16;DOSSAVI;ADIDO2;ADIDO2 13;ADIDO2-FX16;
ADIDOGOME;ADIDO2-FX16;DOSSAVI;ADIDO2;ADIDO2 14;ADIDO2-FX16;
ADIDOGOME;ADIDO2-FX16;DOSSAVI;ADIDO2;ADIDO2 2;ADIDO2-FX16;
ADIDOGOME;ADIDO2-FX16;DOSSAVI;ADIDO2;ADIDO2 3;ADIDO2-FX16;
ADIDOGOME;ADIDO2-FX16;DOSSAVI;ADIDO2;ADIDO2 4;ADIDO2-FX16;
ADIDOGOME;ADIDO2-FX16;DOSSAVI;ADIDO2;ADIDO2 5;ADIDO2-FX16;
ADIDOGOME;ADIDO2-FX16;DOSSAVI;ADIDO2;ADIDO2 6;ADIDO2-FX16;
ADIDOGOME;ADIDO2-FX16;DOSSAVI;ADIDO2;ADIDO2 7;ADIDO2-FX16;
ADIDOGOME;ADIDO2-FX16;DOSSAVI;ADIDO2;ADIDO2 8;ADIDO2-FX16;
ADIDOGOME;ADIDO2-FX16;DOSSAVI;ADIDO2;ADIDO2 9;ADIDO2-FX16;
ADIDOGOME;ADIDO1-FX16;DOSSAVI;ADIDO1;ADIDO1 1;ADIDO1-FX16;
ADIDOGOME;ADIDO1-FX16;DOSSAVI;ADIDO1;ADIDO1 10;ADIDO1-FX16;
ADIDOGOME;ADIDO1-FX16;DOSSAVI;ADIDO1;ADIDO1 11;ADIDO1-FX16;
ADIDOGOME;ADIDO1-FX16;DOSSAVI;ADIDO1;ADIDO1 12;ADIDO1-FX16;
ADIDOGOME;ADIDO1-FX16;DOSSAVI;ADIDO1;ADIDO1 13;ADIDO1-FX16;
ADIDOGOME;ADIDO1-FX16;DOSSAVI;ADIDO1;ADIDO1 14;ADIDO1-FX16;
ADIDOGOME;ADIDO1-FX16;DOSSAVI;ADIDO1;ADIDO1 2;ADIDO1-FX16;
ADIDOGOME;ADIDO1-FX16;DOSSAVI;ADIDO1;ADIDO1 3;ADIDO1-FX16;
ADIDOGOME;ADIDO1-FX16;DOSSAVI;ADIDO1;ADIDO1 4;ADIDO1-FX16;
ADIDOGOME;ADIDO1-FX16;DOSSAVI;ADIDO1;ADIDO1 5;ADIDO1-FX16;
ADIDOGOME;ADIDO1-FX16;DOSSAVI;ADIDO1;ADIDO1 6;ADIDO1-FX16;
ADIDOGOME;ADIDO1-FX16;DOSSAVI;ADIDO1;ADIDO1 7;ADIDO1-FX16;
ADIDOGOME;ADIDO1-FX16;DOSSAVI;ADIDO1;ADIDO1 8;ADIDO1-FX16;
ADIDOGOME;ADIDO1-FX16;DOSSAVI;ADIDO1;ADIDO1 9;ADIDO1-FX16;
BASE HEDZRANAWE;ADETICOPE-FX8;KOMLAGAN;ADETIKOPE;ADETIKOPE 1;ADETICOPE-FX8;
BASE HEDZRANAWE;ADETICOPE-FX8;KOMLAGAN;ADETIKOPE;ADETIKOPE 2;ADETICOPE-FX8;
BASE HEDZRANAWE;ADETICOPE-FX8;KOMLAGAN;ADETIKOPE;ADETIKOPE 3;ADETICOPE-FX8;
BASE HEDZRANAWE;ADETICOPE-FX8;KOMLAGAN;ADETIKOPE;ADETIKOPE 4;ADETICOPE-FX8;
BASE HEDZRANAWE;ADETICOPE-FX8;KOMLAGAN;ADETIKOPE;ADETIKOPE 5;ADETICOPE-FX8;
BASE HEDZRANAWE;ADETICOPE-FX8;KOMLAGAN;ADETIKOPE;ADETIKOPE 6;ADETICOPE-FX8;
BASE HEDZRANAWE;ADETICOPE-FX8;KOMLAGAN;ADETIKOPE;ADETIKOPE 7;ADETICOPE-FX8;
BASE HEDZRANAWE;ADETICOPE-FX8;KOMLAGAN;ADETIKOPE;ADETIKOPE 8;ADETICOPE-FX8;
BASE HEDZRANAWE;ADETICOPE-FX8_2;KOMLAGAN;ADETIKOPE;ADETIKOPE 10;ADETICOPE-FX8_2;
BASE HEDZRANAWE;ADETICOPE-FX8_2;KOMLAGAN;ADETIKOPE;ADETIKOPE 11;ADETICOPE-FX8_2;
BASE HEDZRANAWE;ADETICOPE-FX8_2;KOMLAGAN;ADETIKOPE;ADETIKOPE 12;ADETICOPE-FX8_2;
BASE HEDZRANAWE;ADETICOPE-FX8_2;KOMLAGAN;ADETIKOPE;ADETIKOPE 13;ADETICOPE-FX8_2;
BASE HEDZRANAWE;ADETICOPE-FX8_2;KOMLAGAN;ADETIKOPE;ADETIKOPE 14;ADETICOPE-FX8_2;
BASE HEDZRANAWE;ADETICOPE-FX8_2;KOMLAGAN;ADETIKOPE;ADETIKOPE 15;ADETICOPE-FX8_2;
BASE HEDZRANAWE;ADETICOPE-FX8_2;KOMLAGAN;ADETIKOPE;ADETIKOPE 16;ADETICOPE-FX8_2;
BASE HEDZRANAWE;ADETICOPE-FX8_2;KOMLAGAN;ADETIKOPE;ADETIKOPE 17;ADETICOPE-FX8_2;
BASE HEDZRANAWE;ADETICOPE-FX8_2;KOMLAGAN;ADETIKOPE;ADETIKOPE 9;ADETICOPE-FX8_2;
BASE HEDZRANAWE;;KOMLAGAN;ADETIKOPE;ADETIKOPE 18;ADETIKOPE_CEG-FX8;
BASE HEDZRANAWE;;KOMLAGAN;ADETIKOPE;ADETIKOPE 19;ADETIKOPE_CEG-FX8;
BASE HEDZRANAWE;;KOMLAGAN;ADETIKOPE;ADETIKOPE 20;ADETIKOPE_CEG-FX8;
BASE HEDZRANAWE;;KOMLAGAN;ADETIKOPE;ADETIKOPE 21;ADETIKOPE_CEG-FX8;
BASE HEDZRANAWE;;KOMLAGAN;ADETIKOPE;ADETIKOPE 22;ADETIKOPE_CEG-FX8;
BASE HEDZRANAWE;;KOMLAGAN;ADETIKOPE;ADETIKOPE 23;ADETIKOPE_CEG-FX8;
BASE HEDZRANAWE;;KOMLAGAN;ADETIKOPE;ADETIKOPE 24;ADETIKOPE_CEG-FX8;
BASE HEDZRANAWE;;KOMLAGAN;ADETIKOPE;ADETIKOPE 25;ADETIKOPE_CEG-FX8;
BASE HEDZRANAWE;;KOMLAGAN;ADETIKOPE;ADETIKOPE 26;ADETIKOPE_CEG-FX8;
BASE HEDZRANAWE;;KOMLAGAN;ADETIKOPE;ADETIKOPE 27;ADETIKOPE_CEG-FX8;
BASE PORT;ADAMAVO-FX4_1;AMAH;ADAMAVO;ADAMAVO 1;ADAMAVO-FX4_1;
BASE PORT;ADAMAVO-FX4_1;AMAH;ADAMAVO;ADAMAVO 2;ADAMAVO-FX4_1;
BASE PORT;ADAMAVO-FX4_1;AMAH;ADAMAVO;ADAMAVO 3;ADAMAVO-FX4_1;
BASE PORT;ADAMAVO-FX4_1;AMAH;ADAMAVO;ADAMAVO 4;ADAMAVO-FX4_1;
BASE PORT;ADAMAVO-FX4_1;AMAH;ADAMAVO;ADAMAVO 5;ADAMAVO-FX4_1;
BASE PORT;ADAMAVO-FX4_1;AMAH;ADAMAVO;ADAMAVO 6;ADAMAVO-FX4_1;Les PBO 81   88 sont sur le second OLT
BASE PORT;ADAMAVO-FX4_2;AMAH;ADAMAVO;ADAMAVO 7;ADAMAVO-FX4_2;
BASE PORT;ADAMAVO-FX4_2;AMAH;ADAMAVO;ADAMAVO 8;ADAMAVO-FX4_2;
BASE PORT;ADAMAVO-FX4_2;AMAH;ADAMAVO;ADAMAVO 9;ADAMAVO-FX4_2;
BASE RP;ABLO;ABAKTA;ABLOGAME;ABLOGAME 0;ABLO;

